USE SaltWholesaleDB;
GO

-- === Заполнение: Suppliers (Поставщики) - 20+ записей ===
INSERT INTO Suppliers (CompanyName, ContactPerson, Phone, Email, Address) VALUES
('ООО РУССОЛЬ', 'Иван Петров', '+7 (495) 123-45-67', 'info@russol.ru', 'г. Новомосковск, ул. Соляная, 1'),
('ЗАО Илецкий карьер', 'Марина Сидорова', '+7 (345) 234-56-78', 'zakaz@ileck.ru', 'г. Илецк, шахта №3'),
('ООО Мясной мир', 'Алексей Кузнецов', '+7 (499) 345-67-89', 'supply@myasnoy.ru', 'Москва, пр-д Колбасный, 5'),
('ООО Сладкая жизнь', 'Елена Федорова', '+7 (812) 456-78-90', 'sugar@sladko.ru', 'Санкт-Петербург, ул. Конфетная, 10'),
('ООО ХимПродукт', 'Дмитрий Морозов', '+7 (411) 567-89-01', 'chem@soda.ru', 'Новосибирск, химзавод, 2'),
('ООО Солерудник', 'Ольга Волкова', '+7 (495) 222-33-44', 'geolog@solerud.ru', 'Тульская область, п. Галитный'),
('ООО Белый кристалл', 'Сергей Попов', '+7 (845) 333-44-55', 'sales@whitecrystal.ru', 'Саратов, ул. Промышленная, 12'),
('ООО ТоргСоль', 'Наталья Крылова', '+7 (473) 444-55-66', 'trade@torgsol.ru', 'Воронеж, ул. Складская, 8'),
('ООО Южсолепродукт', 'Андрей Михайлов', '+7 (861) 555-66-77', 'south@saltprod.ru', 'Краснодар, шоссе Нефтяников, 15'),
('ООО УралХимСоль', 'Евгений Орлов', '+7 (343) 666-77-88', 'ural@khim-sol.ru', 'Екатеринбург, пр-кт Ленина, 40'),
('ООО Северсоль', 'Людмила Нестерова', '+7 (818) 777-88-99', 'north@seversol.ru', 'Архангельск, ул. Полярная, 5'),
('ООО АгроСоль', 'Виктор Титов', '+7 (846) 888-99-00', 'agro@agrosol.ru', 'Самара, с. Солёное'),
('ООО КавказСоль', 'Руслан Магомедов', '+7 (878) 999-00-11', 'kavkaz@kavsol.ru', 'Пятигорск, ул. Горная, 3'),
('ООО Сибсолепром', 'Ирина Широкова', '+7 (383) 333-44-55', 'sib@prom-sol.ru', 'Новосибирск, ул. Заводская, 10'),
('ООО Чистая соль', 'Денис Ковалёв', '+7 (424) 444-55-66', 'clean@chistsol.ru', 'Южно-Сахалинск, пр-т Мира, 22'),
('ООО МореСоль', 'Алёна Васильева', '+7 (421) 555-66-77', 'more@mor-esol.ru', 'Хабаровск, наб. Речная, 7'),
('ООО Эко-Соль', 'Павел Зайцев', '+7 (865) 666-77-88', 'eco@ekosol.ru', 'Ставрополь, ул. Природная, 14'),
('ООО Соляной двор', 'Тамара Петрова', '+7 (495) 777-88-99', 'dvor@sol-dvor.ru', 'Москва, ул. Крестьянская, 1'),
('ООО Солёный берег', 'Анатолий Лебедев', '+7 (846) 888-99-00', 'beret@solbere.ru', 'Самара, наб. Волги, 100'),
('ООО Солепереработка', 'Максим Гришин', '+7 (495) 999-00-11', 'process@solproc.ru', 'Подольск, ул. Техническая, 33');

-- === Заполнение: Employees (Сотрудники) - 5 записей ===
INSERT INTO Employees (FullName, Position, Phone, Email, HireDate) VALUES
('Козлов Артем Михайлович', 'Менеджер по продажам', '+7 (900) 111-22-33', 'kozlov@saltwholesale.ru', '2023-01-10'),
('Волкова Елена Сергеевна', 'Бухгалтер', '+7 (900) 222-33-44', 'volkova@saltwholesale.ru', '2023-02-15'),
('Смирнов Дмитрий Андреевич', 'Складской работник', '+7 (900) 333-44-55', 'smirnov@saltwholesale.ru', '2023-03-01'),
('Петрова Ольга Николаевна', 'Администратор', '+7 (900) 444-55-66', 'petrova@saltwholesale.ru', '2023-04-05'),
('Иванов Максим Львович', 'Технический специалист', '+7 (900) 555-66-77', 'ivanov@saltwholesale.ru', '2023-05-12');

-- === Заполнение: Auth (Авторизация) - 5 записей ===
INSERT INTO Auth (EmployeeID, Login, PasswordHash, AccessLevel) VALUES
(1, 'kozlov', 'kozlov123', 1),
(2, 'volkova', 'volkova123', 2),
(3, 'smirnov', 'smirnov123', 3),
(4, 'petrova', 'petrova123', 4),
(5, 'ivanov', 'ivanov123', 5);

-- === Заполнение: Clients (Клиенты) - 20+ записей ===
INSERT INTO Clients (FullName, ContactPerson, Phone, Email, Address) VALUES
('ООО "Солёный хлеб"', 'Анна Пирожкова', '+7 (901) 111-11-11', 'anna@bread.ru', 'Москва, ул. Булочная, 12'),
('ИП Васильев', 'Васильев Пётр', '+7 (902) 222-22-22', 'vasilev@meat.ru', 'Раменское, ул. Мясная, 5'),
('ООО "Морепродукт"', 'Светлана Рыбкина', '+7 (903) 333-33-33', 'sveta@seafood.ru', 'Калининград, наб. Приморская, 7'),
('ООО "Сладкоежка"', 'Николай Конфеткин', '+7 (904) 444-44-44', 'kolya@sweet.ru', 'Тула, ул. Шоколадная, 3'),
('ООО "Чистый дом"', 'Екатерина Моющая', '+7 (905) 555-55-55', 'ekaterina@clean.ru', 'Люберцы, ул. Уборщиков, 10'),
('ООО "Хлебозавод №1"', 'Михаил Тестов', '+7 (906) 666-66-66', 'misha@dough.ru', 'Домодедово, пр-д Пекарский, 1'),
('ООО "Мясокомбинат Восток"', 'Татьяна Говядина', '+7 (907) 777-77-77', 'tanya@meat-east.ru', 'Балашиха, ул. Скотобойная, 15'),
('ООО "Супермаркет Юг"', 'Роман Кассир', '+7 (908) 888-88-88', 'roman@market-south.ru', 'Волгоград, пр-т Стачки, 50'),
('ООО "Фудсервис"', 'Людмила Обедова', '+7 (909) 999-99-99', 'luda@foodservice.ru', 'Самара, ул. Кухонная, 22'),
('ООО "Кейтеринг Плюс"', 'Станислав Банкетов', '+7 (910) 000-00-00', 'stas@catering.ru', 'Казань, ул. Праздничная, 8'),
('ООО "Сеть Кафе"', 'Оксана Перекусова', '+7 (911) 111-22-33', 'oksana@cafe.ru', 'Нижний Новгород, ул. Фастфуд, 12'),
('ООО "Пицца Мания"', 'Дмитрий Тесто', '+7 (912) 222-33-44', 'dima@pizza.ru', 'Ростов-на-Дону, ул. Дровяная, 5'),
('ООО "Кондитерская №1"', 'Ирина Сахарова', '+7 (913) 333-44-55', 'irina@cake.ru', 'Уфа, ул. Ванильная, 7'),
('ООО "Сырный рай"', 'Владимир Брынза', '+7 (914) 444-55-66', 'vlad@cheese.ru', 'Пермь, ул. Молочная, 3'),
('ООО "Колбасный цех"', 'Геннадий Фарш', '+7 (915) 555-66-77', 'gena@sausage.ru', 'Челябинск, ул. Коптильная, 9'),
('ООО "Рыбный рынок"', 'Нина Камбала', '+7 (916) 666-77-88', 'nina@fish.ru', 'Мурманск, пр-т Морской, 11'),
('ООО "Фермерский двор"', 'Борис Коровкин', '+7 (917) 777-88-99', 'boris@ferma.ru', 'Тверь, д. Село, 1'),
('ООО "Бакалея Центр"', 'Любовь Бакалейкина', '+7 (918) 888-99-00', 'lyuba@bakeley.ru', 'Ярославль, ул. Торговая, 15'),
('ООО "Снэк-Мастер"', 'Артём Чипсов', '+7 (919) 999-00-11', 'artem@snack.ru', 'Омск, ул. Солёная, 2'),
('ООО "Лаборатория Вкуса"', 'Профессор Специи', '+7 (920) 000-11-22', 'prof@vkus.ru', 'Красноярск, научный городок, 1'),
('ООО "Гастроном №1"', 'Татьяна Шефова', '+7 (921) 111-22-33', 'gastron@shop.ru', 'Владивосток, ул. Кулинарная, 10'),
('ООО "Молоко и соль"', 'Олег Сливкин', '+7 (922) 222-33-44', 'molo@solmoloko.ru', 'Курск, ул. Молочная, 8'),
('ООО "Солёные огурцы"', 'Валентина Рассолкина', '+7 (923) 333-44-55', 'valya@pickle.ru', 'Тамбов, ул. Консервная, 12'),
('ООО "Суповой набор"', 'Игорь Бульонов', '+7 (924) 444-55-66', 'igor@soup.ru', 'Иркутск, ул. Кухня, 1'),
('ООО "Шашлычная на углу"', 'Рустам Мангалов', '+7 (925) 555-66-77', 'rustam@shashlik.ru', 'Казань, ул. Барбекю, 3');

-- === Заполнение: Services (Услуги) - 20+ записей ===
INSERT INTO Services (Name, Description, Cost) VALUES
('Доставка до склада клиента', 'Транспортировка заказа до указанного адреса', 5000.00),
('Консультация по подбору соли', 'Профессиональная консультация технолога', 2000.00),
('Подготовка сертификатов качества', 'Оформление документов на продукцию', 1500.00),
('Гибкая упаковка под заказ', 'Фасовка продукции по индивидуальным мешкам', 3000.00),
('Аналитика состава', 'Лабораторный анализ образца соли', 4000.00),
('Обучение персонала', 'Инструктаж по работе с солью и добавками', 2500.00),
('Разработка рецептуры', 'Создание формулы с использованием соли', 3500.00),
('Контроль качества при получении', 'Проверка партии на соответствие ГОСТ', 1800.00),
('Упаковка в брикеты', 'Прессование соли в брикеты 10 кг', 1200.00),
('Фасовка в п/э пакеты', 'Разделение на упаковки по 1 кг', 800.00),
('Маркировка продукции', 'Нанесение этикеток согласно ТР ТС', 600.00),
('Создание онлайн-каталога', 'Размещение товаров в цифровом виде', 7000.00),
('Поддержка API интеграции', 'Настройка обмена данными с ERP системами', 10000.00),
('Резервирование партии', 'Бронирование товара на складе', 500.00),
('Экспресс-доставка', 'Доставка за 24 часа', 8000.00),
('Возврат и утилизация', 'Приём некондиционного товара', 2000.00),
('Организация выставки', 'Участие в отраслевых мероприятиях', 15000.00),
('Техническое обслуживание оборудования', 'Обслуживание дозаторов и смесителей', 4500.00),
('Консультация по логистике', 'Оптимизация маршрутов доставки', 3000.00),
('Подбор аналогов', 'Замена товара при отсутствии на складе', 1000.00),
('Консультация по фасовке', 'Подбор оптимального типа упаковки', 1700.00),
('Документальное сопровождение', 'Оформление накладных, актов', 1300.00),
('Предоставление пробников', 'Выдача бесплатных образцов', 700.00),
('Оценка потребностей', 'Анализ объёмов потребления клиента', 1900.00),
('Тренинг по безопасности', 'Обучение обращению с химическими добавками', 2100.00),
('Организация контрольного замера', 'Проверка точности дозирования', 2300.00);

-- === Заполнение: Products (Товары) - 20+ записей (из файла соль.docx) ===
INSERT INTO Products (SupplierID, Name, Category, UnitOfMeasure, PricePerUnit, Description) VALUES
(1, 'Соль нитритная 0,6 комплексная 25кг', 'Пищевая добавка', 'мешок 25 кг', 4200.00, 'Для производства мясопродуктов'),
(2, 'Концентрат минеральный ГАЛИТ тип С 50кг', 'Минералы', 'мешок 50 кг', 1800.00, 'Высший сорт, Илецк'),
(2, 'Концентрат минеральный ГАЛИТ тип С 1т МКР', 'Минералы', 'МКР 1 т', 35000.00, 'Тип С, Илецк'),
(2, 'Концентрат минеральный ГАЛИТ высший сорт 1т', 'Минералы', 'МКР 1 т', 37000.00, 'Высший сорт, месторождение Илецк'),
(5, 'Сода пищевая ГОСТ 2156-76 500г', 'Сода пищевая', 'пачка 500 г', 120.00, 'Упаковка 24 шт., сорт 2'),
(5, 'Сода пищевая ГОСТ 2156-76 25кг', 'Сода пищевая', 'мешок 25 кг', 3800.00, 'Полипропиленовый мешок'),
(4, 'Сахар песок ГОСТ 21-94', 'Сахар', 'мешок 50 кг', 2200.00, 'Высший сорт'),
(1, 'Соль для животноводства брикетированная 10кг', 'Соль для животных', 'брикет 10 кг', 600.00, 'Высший сорт'),
(1, 'Соль пищевая выварочная экстра 25кг', 'Пищевая соль', 'мешок 25 кг', 1200.00, 'С противослеживающей добавкой, Новомосковск'),
(1, 'Соль пищевая выварочная экстра 50кг', 'Пищевая соль', 'мешок 50 кг', 2300.00, 'С противослеживающей добавкой, Новомосковск'),
(1, 'Соль пищевая выварочная экстра 1т', 'Пищевая соль', 'МКР 1 т', 45000.00, 'Новомосковск'),
(1, 'Соль пищевая выварочная экстра 1кг бумажный пакет', 'Пищевая соль', 'пакет 1 кг', 260.00, 'Упаковка 10 шт., Новомосковск'),
(1, 'Соль пищевая выварочная экстра 0,25кг п/п туба', 'Пищевая соль', 'туба 250 г', 75.00, 'Термоусадочная плёнка, 24 шт.'),
(1, 'Соль пищевая выварочная экстра 0,5кг п/п туба', 'Пищевая соль', 'туба 500 г', 140.00, 'Термоусадочная плёнка'),
(2, 'Соль пищевая мелкая Илецкая В/С 180г', 'Пищевая соль', 'пачка 180 г', 80.00, 'Месторождение Илецк'),
(2, 'Соль пищевая мелкая Илецкая В/С 500г', 'Пищевая соль', 'пачка 500 г', 190.00, 'Месторождение Илецк'),
(2, 'Соль пищевая мелкая Просто Азбука В/С 180г', 'Пищевая соль', 'пачка 180 г', 75.00, 'Эконом-линейка'),
(2, 'Соль пищевая мелкая Просто Азбука В/С 500г', 'Пищевая соль', 'пачка 500 г', 185.00, 'Эконом-линейка'),
(1, 'Соль пищевая молотая морская В/С 600г', 'Пищевая соль', 'картон 600 г', 320.00, 'Помол №3, упаковка 24 шт.'),
(1, 'Соль пищевая молотая В/С 1кг картон', 'Пищевая соль', 'пачка 1 кг', 250.00, 'Помол №1, термоплёнка 21 шт.'),
(1, 'Соль поваренная Экстра фасовка 1кг', 'Пищевая соль', 'пакет 1 кг', 240.00, '20 шт. в упаковке, РУССОЛЬ'),
(1, 'Соль поваренная йодированная 1кг', 'Пищевая соль', 'пакет 1 кг', 180.00, 'Помол №1, мешок 30 кг'),
(1, 'Соль поваренная таблетированная 25кг', 'Пищевая соль', 'мешок 25 кг', 2800.00, 'Таблетки 10-15г, Новомосковск'),
(2, 'Соль таблетированная выварочная Экстра 25кг', 'Пищевая соль', 'мешок 25 кг', 2750.00, 'Аналог РУССОЛЬ'),
(1, 'Фасовка п/э 1кг помол №1', 'Фасовка', 'пакет 1 кг', 15.00, '50 шт. в мешке'),
(1, 'Фасовка п/э 1кг высший сорт', 'Фасовка', 'пакет 1 кг', 16.00, '50 шт. в мешке'),
(1, 'Сахар фасованный 1кг', 'Сахар', 'пакет 1 кг', 70.00, 'ГОСТ 21-94, 20 шт. в коробке'),
(5, 'Сода пищевая фасованная 250г', 'Сода пищевая', 'туба 250 г', 65.00, 'Термоусадочная плёнка'),
(5, 'Сода пищевая фасованная 500г', 'Сода пищевая', 'туба 500 г', 110.00, 'Термоусадочная плёнка'),
(2, 'Соль Илецкая Просто Азбука 180г ВкусВилл', 'Пищевая соль', 'пачка 180 г', 85.00, 'Специальная упаковка для сети'),
(1, 'Соль поваренная Экстра таблетированная 25кг', 'Пищевая соль', 'мешок 25 кг', 2800.00, 'Таблетки 10-15г, аналог РУССОЛЬ');

-- === Заполнение: Stock (Склад) ===
INSERT INTO Stock (ProductID, QuantityOnStock) VALUES
(1, 150), (2, 80), (3, 5), (4, 3), (5, 300), (6, 40), (7, 60), (8, 75), (9, 150), (10, 80),
(11, 5), (12, 100), (13, 200), (14, 180), (15, 200), (16, 120), (17, 100), (18, 100), (19, 80), (20, 90),
(21, 200), (22, 150), (23, 95), (24, 70), (25, 100), (26, 50), (27, 30), (28, 250), (29, 180), (30, 70),
(31, 85);

-- === Заполнение: Orders (Заказы) - 20+ записей с русскими статусами ===
INSERT INTO Orders (ClientID, EmployeeID, OrderDateTime, TotalAmount, Status) VALUES
(1, 1, '2025-01-10 10:30:00', 24000.00, 'Завершён'),
(2, 1, '2025-01-12 14:20:00', 18500.00, 'Завершён'),
(3, 2, '2025-01-15 09:15:00', 52000.00, 'Завершён'),
(4, 1, '2025-01-18 16:45:00', 9500.00, 'В процессе'),
(5, 3, '2025-01-20 11:00:00', 32000.00, 'В процессе'),
(6, 2, '2025-01-22 13:30:00', 15000.00, 'Создан'),
(7, 1, '2025-01-25 15:10:00', 78000.00, 'Создан'),
(8, 4, '2025-01-27 10:05:00', 12500.00, 'Создан'),
(9, 5, '2025-01-28 17:20:00', 67000.00, 'Новый'),
(10, 3, '2025-01-29 12:40:00', 43000.00, 'Новый'),
(11, 1, '2025-02-01 09:10:00', 22000.00, 'Отменён'),
(12, 2, '2025-02-02 11:25:00', 31000.00, 'Завершён'),
(13, 3, '2025-02-03 14:40:00', 17500.00, 'В процессе'),
(14, 1, '2025-02-04 16:15:00', 8800.00, 'Создан'),
(15, 4, '2025-02-05 10:50:00', 41000.00, 'Новый'),
(16, 5, '2025-02-06 13:20:00', 19500.00, 'Новый'),
(17, 2, '2025-02-07 15:35:00', 54000.00, 'Создан'),
(18, 3, '2025-02-08 09:45:00', 28000.00, 'В процессе'),
(19, 1, '2025-02-09 12:00:00', 36000.00, 'Завершён'),
(20, 4, '2025-02-10 14:10:00', 13200.00, 'Создан'),
(21, 5, '2025-02-11 16:30:00', 9700.00, 'Новый'),
(22, 1, '2025-02-12 10:20:00', 44000.00, 'Создан'),
(23, 2, '2025-02-13 11:30:00', 18000.00, 'Новый'),
(24, 3, '2025-02-14 12:40:00', 29500.00, 'Создан'),
(25, 1, '2025-02-15 13:50:00', 33000.00, 'В процессе');

-- === Заполнение: OrderItems (Товары в заказе) - >20 записей ===
INSERT INTO OrderItems (OrderID, ProductID, Quantity, PriceAtOrderTime) VALUES
(1, 1, 20, 1200.00), (1, 4, 50, 80.00),
(2, 5, 100, 190.00), (2, 8, 5, 600.00),
(3, 3, 1, 45000.00), (3, 6, 2, 3800.00),
(4, 17, 50, 15.00), (4, 25, 10, 70.00),
(5, 6, 10, 2800.00), (5, 11, 10, 4200.00),
(6, 7, 1, 2200.00), (6, 19, 5, 320.00),
(7, 13, 1, 35000.00), (7, 14, 100, 320.00),
(8, 20, 100, 65.00), (8, 21, 100, 110.00),
(9, 16, 200, 180.00), (9, 22, 100, 75.00),
(10, 18, 5, 2750.00), (10, 23, 100, 185.00),
(12, 9, 20, 1200.00), (12, 15, 50, 190.00),
(13, 10, 100, 2300.00), (13, 30, 5, 600.00),
(14, 17, 60, 15.00), (14, 27, 20, 70.00),
(15, 24, 150, 250.00), (15, 29, 200, 110.00),
(16, 1, 5, 1200.00), (16, 26, 10, 180.00),
(17, 3, 1, 45000.00), (17, 14, 30, 320.00),
(18, 6, 10, 2800.00), (18, 11, 5, 4200.00),
(19, 25, 200, 70.00), (19, 28, 100, 65.00),
(20, 21, 120, 110.00), (20, 19, 100, 320.00),
(21, 5, 100, 120.00), (21, 30, 10, 600.00),
(22, 13, 1, 35000.00), (22, 14, 30, 320.00),
(23, 2, 40, 1800.00), (23, 7, 50, 2200.00),
(24, 4, 2, 35000.00), (24, 26, 5, 180.00),
(25, 12, 100, 250.00), (25, 24, 50, 140.00);

-- === Заполнение: ProvidedServices (Оказанные услуги) - 20+ записей с русскими статусами ===
INSERT INTO ProvidedServices (ClientID, EmployeeID, ServiceID, ServiceDateTime, Status) VALUES
(1, 1, 1, '2025-01-11 11:00:00', 'Завершён'),
(2, 2, 2, '2025-01-13 15:30:00', 'Завершён'),
(3, 3, 3, '2025-01-16 10:00:00', 'Завершён'),
(4, 1, 4, '2025-01-19 14:00:00', 'В процессе'),
(5, 4, 5, '2025-01-21 12:00:00', 'Создан'),
(6, 2, 1, '2025-01-23 09:30:00', 'Завершён'),
(7, 1, 2, '2025-01-26 11:15:00', 'Завершён'),
(8, 5, 3, '2025-01-28 16:00:00', 'Создан'),
(9, 3, 4, '2025-01-29 10:00:00', 'Создан'),
(10, 1, 5, '2025-01-30 13:00:00', 'Новый'),
(11, 2, 6, '2025-02-01 10:00:00', 'Новый'),
(12, 3, 7, '2025-02-02 11:00:00', 'В процессе'),
(13, 1, 8, '2025-02-03 12:00:00', 'Создан'),
(14, 4, 9, '2025-02-04 13:00:00', 'Завершён'),
(15, 5, 10, '2025-02-05 14:00:00', 'В процессе'),
(16, 1, 11, '2025-02-06 15:00:00', 'Создан'),
(17, 2, 12, '2025-02-07 16:00:00', 'Новый'),
(18, 3, 13, '2025-02-08 17:00:00', 'Создан'),
(19, 4, 14, '2025-02-09 09:00:00', 'Отменён'),
(20, 5, 15, '2025-02-10 10:00:00', 'Завершён'),
(21, 1, 16, '2025-02-11 11:00:00', 'Новый'),
(22, 2, 17, '2025-02-12 12:00:00', 'Создан'),
(23, 3, 18, '2025-02-13 13:00:00', 'В процессе'),
(24, 4, 19, '2025-02-14 14:00:00', 'Создан'),
(25, 5, 20, '2025-02-15 15:00:00', 'Новый');
